respondent_id,department,date,answer_text,satisfaction_score,polarity_label
1,営業,2024/4/24,今四半期は、チームリーダーの的確なサポートもあり、クライアントとの関係構築がうまくいき、目標を大きく上回る成果を出すことができました。,5,Positive
2,開発,2024/10/6,直近のプロジェクトでは、関係部署との連携がスムーズに進んだため、開発タスクを予定通り完了できました。,3,Neutral
3,営業,2024/2/17,直近のプロジェクトにおける、関係部署との連携不足により、顧客折衝が想定以上に難航しております。,1,Negative
4,開発,2024/10/14,今四半期は、チームメンバーと協力して新機能Yを成功裏にリリースできたため、大変満足しております。,5,Positive
5,開発,2024/8/2,直近のプロジェクトでは、関係部署との連携がスムーズに進んだため、予定通りにタスクを完了することができました。,3,Neutral
6,開発,2024/1/4,直近のプロジェクトで、関係部署との連携不足が原因でバグ修正に多くの時間を費やしました。,1,Negative
7,開発,2024/3/20,直近のプロジェクトで、関係部署との連携不足により、プロダクトXの新機能Yリリースに遅延が発生したことが残念です。,1,Negative
8,開発,2024/2/17,直近のプロジェクトにおける開発プロセスは概ね順調でしたが、関係部署との連携部分で一部改善の余地があると感じています。,3,Neutral
9,人事,2024/11/5,直近のプロジェクトにおいて、関係部署の皆様との連携が非常にスムーズに進み、期待以上の成果を出すことができました。,4,Positive
10,総務,2024/10/1,直近のプロジェクトにおいては、関係部署との連携をより密にすることで、課題の早期発見に繋がったと感じております。,3,Neutral
11,営業,2024/10/9,顧客折衝の件数については、現時点では概ね計画通りに進捗しております。,3,Neutral
12,総務,2024/7/4,現時点では、特に問題なく業務を進められております。,3,Neutral
13,サポート,2024/12/4,今回の新機能Yリリースは、関係部署の皆様のご協力のおかげで、問い合わせ対応件数を半分に抑えつつ、プロダクトXの満足度を大きく向上させることができました。,5,Positive
14,開発,2024/4/29,新機能Yの開発において、関係部署との連携がスムーズに進み、予定通りに進捗していると感じています。,4,Neutral
15,営業,2024/7/5,製品Aの販売目標を大幅に達成できたのは、関係部署の皆様のご協力のおかげです。,5,Positive
16,開発,2024/5/16,直近のプロジェクトでは、新機能Yの開発が成功し、チームメンバーの協力のおかげで計画通りに進めることができました。,5,Positive
17,営業,2024/5/5,今四半期の製品Aの販売目標達成は、関係部署の協力体制の不足により、期待したほど進んでおりません。,1,Negative
18,開発,2024/11/23,今四半期のプロダクトX開発において、仕様変更が頻繁に発生したため、本来注力すべきバグ修正のタスクに十分な時間を割くことができませんでした。,1,Negative
19,サポート,2024/1/29,今回の新機能リリースは、顧客からの問い合わせ対応が半減するなど、プロダクトXの改善に大きく貢献したと感じています。,5,Positive
20,開発,2024/7/24,直近のプロジェクトで、関係部署との連携がスムーズに進まず、期日までに予定していたタスクを半分しか完了できませんでした。,2,Neutral
21,総務,2024/10/17,総務部としては、今回の福利厚生イベントの企画・実施は、社員の満足度向上に一定の貢献ができたかと存じます。,3,Positive
22,総務,2024/11/25,今回の製品Aの改善は、関係部署の皆様のご協力のおかげで、問い合わせ対応件数が順調に減少しており、大変助かっております。,5,Positive
23,人事,2024/10/14,今四半期、プロダクトXのリリースに向けて関係部署と密に連携できたことが、スムーズな進行に繋がりました。,5,Positive
24,サポート,2024/10/25,今回の新機能リリースにおける関係部署の皆様のご協力に、心より感謝申し上げます。,5,Positive
25,人事,2024/3/11,今期はチームリーダーからのサポートもあり、プロダクトXの開発に大きく貢献できたと感じています。,3,Positive
26,サポート,2024/2/26,直近のプロジェクトでの問い合わせ対応が予想以上に多く、リソース不足を感じております。,2,Negative
27,開発,2024/8/4,直近のプロジェクトでは、関係部署との連携不足により、プロダクトXの開発が遅延したため、満足度は低いです。,2,Negative
28,サポート,2024/8/27,今回の新機能リリースにおける関係部署との連携が大変スムーズで、顧客からの問い合わせ対応も円滑に進みました。,5,Positive
29,サポート,2024/1/6,新機能Yのおかげで、問い合わせ対応が格段にスムーズになりました。,5,Positive
30,営業,2024/5/16,顧客折衝のタスクにおいて、プロダクトXの最新情報が関係部署からタイムリーに共有されず、クライアントへの説明に苦慮することが度々ありました。,1,Negative
31,総務,2024/8/20,この度、新システムZの導入にあたり、関係部署の皆様には大変お世話になり、スムーズな運用開始に感謝しております。,5,Positive
32,営業,2024/5/14,新機能Yのリリースには期待していましたが、顧客折衝の場面でまだ活用しきれていない部分があります。,2,Neutral
33,サポート,2024/2/24,先日リリースされた新機能Yについて、問い合わせ対応件数が想定より多く発生しましたが、関係部署の皆様のご協力もあり、概ね円滑に対応できております。,3,Neutral
34,総務,2024/4/11,担当部署との連携は概ね順調ですが、一部のタスクで進捗の遅れが見られたため、今後の改善に期待します。,3,Neutral
35,開発,2024/9/28,今回開発した新機能Yは、ユーザーからの反響も非常に大きく、大変やりがいを感じております。,5,Positive
36,営業,2024/2/27,顧客折衝に時間がかかり、今四半期の目標達成が困難な状況です。,1,Negative
37,総務,2024/6/6,システムZの安定稼働については、現状維持を期待しております。,2,Neutral
38,開発,2024/2/10,今四半期は、プロダクトXの新機能開発において、チームメンバーと協力して予定通りに進めることができ、大変満足しています。,4,Positive
39,営業,2024/9/29,直近のプロジェクトでは、一部のタスクで想定外の課題が発生し、目標達成に苦労した場面がありました。,2,Neutral
40,開発,2024/10/8,今四半期の新機能開発は、チームの協力のおかげで非常にスムーズに進み、大変満足しております。,5,Positive
41,開発,2024/8/4,開発チームの皆さんが協力してくれたおかげで、新機能Yのリリースが予定より早く進んでいます。,4,Positive
42,開発,2024/12/19,直近のプロジェクトでは、関係部署との連携を密に行い、目標達成に向けて進めることができました。,3,Neutral
43,開発,2024/12/9,直近のプロジェクトで、関係部署との連携がスムーズに進んだため、予定通りにタスクを完了できました。,3,Neutral
44,総務,2024/3/2,プロダクトXの直近のバグ修正対応が、想定以上に人員を圧迫し、業務に支障が出ています。,1,Negative
45,開発,2024/10/28,新機能Yのリリースに向けて、関係部署の皆様と連携し、スムーズにタスクを進められたことを大変嬉しく思います。,5,Positive
46,サポート,2024/2/6,今回の新機能リリースにおいて、関係部署の皆様と連携し、スムーズな問い合わせ対応ができたことを大変嬉しく思います。,5,Positive
47,営業,2024/6/18,製品Aの販売目標達成に向け、同僚と協力しながら日々顧客折衝に励んでおります。,3,Positive
48,営業,2024/9/5,担当マネージャーからの指示が不明瞭なため、顧客折衝に多大な時間を要しております。,1,Negative
49,開発,2024/10/19,直近のプロジェクトで、関係部署との連携不足により、プロダクトXのリリースが予定より遅延しそうです。,2,Negative
50,サポート,2024/7/27,直近のプロジェクトにおける関係部署との連携不足から、問い合わせ対応に遅延が発生したことは残念に思います。,2,Negative
51,開発,2024/6/30,今四半期の新機能開発は、チームの協力のおかげで想定以上の成果を上げられたと感じています。,5,Positive
52,人事,2024/1/28,製品Aのリリースに向けたタスクについて、関係部署との連携が円滑に進んでいない点が懸念されます。,2,Negative
53,営業,2024/2/25,今四半期の新機能Yリリースにより、クライアントからの問い合わせ対応がスムーズになり、目標達成に大きく貢献できたと感じています。,4,Positive
54,開発,2024/3/12,製品Aの新機能開発において、関係部署の皆様と密に連携できたおかげで、当初の計画を大きく上回る成果を出すことができました。,5,Positive
55,人事,2024/2/8,この度、プロダクトXのリリースを成功に導いてくださり、誠にありがとうございました。,5,Positive
56,人事,2024/2/20,担当マネージャーからの指示に基づき、今四半期の定例報告資料作成を進めております。,2,Neutral
57,営業,2024/1/8,直近のプロジェクトで、関係部署との連携不足から顧客折衝に遅延が生じ、期待していた成果には遠く及びませんでした。,1,Negative
58,営業,2024/3/26,今四半期の製品Aに関する顧客折衝において、目標達成にはまだ改善の余地があると感じております。,2,Neutral
59,人事,2024/7/24,今四半期のプロダクトXに関する関係部署との連携が円滑に進まず、想定以上の遅延が発生してしまったことは残念でなりません。,1,Negative
60,営業,2024/7/18,今四半期も、クライアントとの良好な関係を維持できたことで、売上目標を達成することができました。,5,Positive
61,総務,2024/5/26,製品Aについては、引き続き安定した運用ができていると認識しております。,3,Neutral
62,人事,2024/10/11,直近のプロジェクトにおいて、関係部署との連携不足からプロダクトXのリリースに遅延が発生し、残念ながら目標数値を達成できませんでした。,2,Negative
63,人事,2024/1/30,新機能Yのリリースに向けた担当マネージャーの的確な指示のおかげで、チーム全体で円滑に作業を進めることができました。,5,Positive
64,サポート,2024/6/9,現在、問い合わせ対応の件数が増加傾向にありますが、チームで協力して対応を進めております。,3,Neutral
65,営業,2024/9/28,製品Aの好調な売れ行きに貢献できたことを大変嬉しく思います。,5,Positive
66,開発,2024/4/5,今四半期は、チームリーダーの的確なサポートもあり、新機能Yの開発を予定通り、いや、それ以上の品質でリリースできたことを大変嬉しく思っています。,5,Positive
67,営業,2024/4/30,直近のプロジェクトで、顧客折衝に多くの時間を割く必要があり、本来注力すべき資料作成のタスクが滞ってしまっています。,1,Negative
68,人事,2024/5/6,部署全体で協力して、直近のプロジェクトを予定通り完了できたことは大変喜ばしいです。,4,Positive
69,サポート,2024/8/2,直近のプロジェクトで、関係部署との連携に課題が多く、問い合わせ対応に遅延が発生してしまっております。,1,Negative
70,サポート,2024/5/13,直近のプロジェクトでの問い合わせ対応において、システムZの不安定さが原因で、期日内に解決できた件数が半分以下になってしまいました。,1,Negative
71,開発,2024/5/15,直近のプロジェクトでは、関係部署との連携不足が原因で、プロダクトXのリリースに遅延が発生したため、満足度は非常に低いです。,1,Negative
72,人事,2024/8/22,今回の「プロダクトX」に関する改善提案は、関係部署の皆様のご協力もあり、想像以上にスムーズに進みました。,5,Positive
73,総務,2024/1/5,先月の定例報告における資料作成のタスクは、概ねスムーズに進んだと評価できます。,4,Neutral
74,人事,2024/2/21,直近のプロジェクトにおける情報連携の遅延が、プロダクトXのリリースに想定以上の影響を及ぼしています。,1,Negative
75,営業,2024/3/8,顧客折衝に時間を取られ、期日までに資料作成が間に合わず、クライアントへの提出が遅延してしまいました。,1,Negative
76,総務,2024/7/8,システムZの導入により、日々の問い合わせ対応件数が半分になりました。,2,Neutral
77,総務,2024/12/26,直近のプロジェクトで、関係部署の皆様の迅速なご協力のおかげで、大変スムーズに業務を進めることができました。,4,Positive
78,総務,2024/11/30,システムZの導入は進んでおりますが、現状、現場からの問い合わせ対応に追われており、本来の業務に集中できていない状況です。,3,Negative
79,サポート,2024/6/2,直近のプロジェクトでは、関係部署の皆様のご協力のおかげで、多くの問い合わせ対応をスムーズに進めることができました。,4,Positive
80,営業,2024/2/29,直近のプロジェクトにおける関係部署との連携は概ね良好でしたが、一部で細かな調整に時間を要する場面がありました。,3,Neutral
81,営業,2024/5/24,直近のプロジェクトで、関係部署との連携がスムーズに進んだことで、顧客折衝も効率的に行えました。,3,Neutral
82,サポート,2024/12/17,今回の新機能リリースは、顧客からの問い合わせ対応が大幅に効率化され、大変助かっています。,5,Positive
83,総務,2024/1/27,ツール導入の進捗について、関係部署との連携が円滑に進んでいないため、予定していたタスク消化が遅延している状況です。,1,Negative
84,営業,2024/1/23,製品Aの納期遅延が顧客折衝に響き、残念ながら今四半期の目標達成は半分にも届きませんでした。,2,Negative
85,営業,2024/5/14,今四半期の新機能Yのおかげで、クライアントからの問い合わせ対応が格段にスムーズになりました。,5,Positive
86,開発,2024/8/6,開発チームで担当しているプロダクトXについて、直近のプロジェクトでは特に大きな問題なく進捗できたかと存じます。,3,Neutral
87,サポート,2024/12/19,今四半期の新機能リリース、チーム一丸となって無事完了できたことに大変満足しております。,5,Positive
88,開発,2024/10/25,直近のプロジェクトにおける関係部署との連携不足で、プロダクトXのリリースに遅延が生じてしまいました。,2,Negative
89,サポート,2024/6/6,この新機能Yは、顧客からの問い合わせ対応を大幅に効率化してくれるので、非常に助かっています。,5,Positive
90,総務,2024/1/21,直近のプロジェクトにおける関係部署との連携について、特に問題なく進められたかと存じます。,3,Neutral
91,総務,2024/2/22,この度は、新システムZの導入において、関係部署の皆様にご尽力いただき、大変スムーズに進めることができました。,5,Positive
92,総務,2024/7/27,システムZの操作性について、一部の同僚から改善要望が出ており、現状では期待通りの効果が得られておりません。,2,Neutral
93,サポート,2024/5/1,今四半期の問い合わせ対応件数も順調に消化できており、概ね満足しています。,4,Neutral
94,開発,2024/7/30,直近のプロジェクトにおいて、開発プロセスの一部に改善の余地があると感じています。,2,Neutral
95,営業,2024/7/29,製品Aの販売促進が順調に進んでおり、クライアントとの関係も良好に築けていると感じています。,3,Positive
96,開発,2024/2/25,開発メンバーが主体的に新機能開発に貢献してくれたことで、プロダクトXのリリースが順調に進みました。,4,Positive
97,人事,2024/4/23,製品Aの改善提案については、担当部署との調整に時間を要しており、現時点では具体的な進捗が見られません。,2,Neutral
98,開発,2024/6/5,直近のプロジェクトで、関係部署との連携がスムーズに進んだため、業務遂行は概ね良好でした。,3,Neutral
99,開発,2024/7/23,新機能Yの開発において、関係部署の皆様のご協力のおかげで、想定以上の品質でリリースできたことに大変満足しております。,5,Positive
100,総務,2024/5/22,社内CRMの運用改善がスムーズに進み、関係部署の皆様には大変感謝しております。,5,Positive
101,総務,2024/10/1,サービスBの改善が遅々として進まず、顧客からの問い合わせ対応に追われる日々が続いております。,1,Negative
102,総務,2024/5/13,現時点では大きな問題なく業務を進められていますが、今後はより一層の効率化を目指していきたいと考えております。,3,Neutral
103,開発,2024/1/20,新機能Yの開発においては、関係部署との連携がスムーズにいかず、リリース時期に遅延が生じてしまったことが懸念されます。,3,Negative
104,営業,2024/6/9,製品Aの販売促進策が奏功せず、今四半期の目標達成は非常に厳しい状況です。,1,Negative
105,人事,2024/7/16,今四半期のプロダクトXに関する業務は、想定外のバグ修正に追われ、当初の計画通りに進めることができませんでした。,1,Negative
106,サポート,2024/8/11,この度、皆様の積極的なご協力のおかげで、プロダクトXの新機能リリースを計画通りに進めることができ、大変感謝しております。,5,Positive
107,営業,2024/12/17,正直なところ、先月からの顧客折衝におけるサポート体制には、まだまだ改善の余地があると感じています。,2,Negative
108,開発,2024/12/6,直近のプロジェクトでは、関係部署の皆様のご協力のおかげで、新機能Yを予定通りリリースできました。,5,Positive
109,総務,2024/3/4,システムZの導入以降、問い合わせ対応に多くの時間を割かざるを得ず、本来の業務に支障が出ております。,1,Negative
110,総務,2024/6/16,システムZの導入以降、問い合わせ対応が激増しており、本来の業務に支障が出ております。,1,Negative
111,人事,2024/4/8,製品Aの直近のプロジェクトでは、担当マネージャーからの指示が不明確であったため、タスクの遅延が複数発生しました。,1,Negative
112,人事,2024/3/30,直近のプロジェクトにおいて、関係部署との連携不足が深刻な課題となり、プロダクトXのリリースに遅延が生じました。,1,Negative
113,サポート,2024/1/1,直近のプロジェクトにおける製品Aのバグ修正対応が、想定以上に工数を圧迫し、他の問い合わせ対応に遅延が生じてしまいました。,1,Negative
114,総務,2024/10/23,総務として、直近の福利厚生イベントの企画・運営に携われたことは大変有意義でした。参加者からも大変好評で、部署全体で協力できたことを嬉しく思います。,5,Positive
115,サポート,2024/8/14,製品Aの問い合わせ対応が、ここ数週間で大幅に増加しており、リソース不足で十分なサポートができていない状況です。,1,Negative
116,開発,2024/3/27,直近のプロジェクトで、関係部署との連携不足からバグ修正に想定以上の時間がかかり、納期に間に合わせるのが困難でした。,2,Negative
117,営業,2024/11/13,製品Aの改良により、クライアントからの受注が大幅に増加しました。,5,Positive
118,総務,2024/4/30,今回は、チームメンバーの皆さんの協力のおかげで、定例報告のタスクをスムーズに進めることができました。,3,Positive
119,総務,2024/1/13,直近のプロジェクトにおいて、関係部署の皆様のご協力のおかげで、スムーズに業務を遂行することができました。,5,Positive
120,営業,2024/2/7,製品Aの販売促進が今四半期、想像以上に好調だったため、大変満足しています。,5,Positive
121,人事,2024/4/9,直近のプロジェクトにおいて、関係部署との連携不足から、プロダクトXのリリースに遅延が発生する懸念があります。,1,Negative
122,人事,2024/12/1,現状では、プロダクトXにおける新機能Yの実装が、想定よりも大幅に遅延している状況です。,1,Negative
123,営業,2024/2/24,製品Aの販売状況は芳しくなく、今四半期の目標達成にはあと一歩及びませんでした。,2,Neutral
124,人事,2024/12/22,今四半期、チームリーダーからの丁寧なフォローアップもあり、タスクの進捗も順調に進みました。,4,Positive
125,サポート,2024/3/3,直近のプロジェクトにおける関係部署との連携不足により、問い合わせ対応に遅延が発生しており、非常に困惑しております。,1,Negative
126,人事,2024/9/28,この度、プロダクトXのローンチを関係部署の皆様と連携して進められたことは、大変有意義でした。,5,Positive
127,サポート,2024/8/14,直近のプロジェクトで、関係部署との連携がスムーズに進まなかったため、問い合わせ対応の件数が増加してしまいました。,3,Negative
128,サポート,2024/8/6,直近のプロジェクトにおける顧客折衝の質について、期待していたレベルには達していないと感じております。,2,Neutral
129,サポート,2024/8/31,製品Aの問い合わせ対応が、ここ数週間で異常に増えており、対応に追われるばかりで他の業務がおろそかになっています。,1,Negative
130,人事,2024/11/22,今回のプロジェクトでは、関係部署の皆様のご協力のおかげで、予定通りにプロダクトXをローンチできました。,5,Positive
131,総務,2024/11/16,関係部署との連携は概ねスムーズでしたが、一部のタスクで確認に時間を要する場面がありました。,3,Neutral
132,開発,2024/5/26,開発プロセスにおける改善点が具体的に示され、新機能Yの開発がスムーズに進んだことを実感しています。,5,Positive
133,開発,2024/10/3,直近のプロジェクトで、関係部署との連携が非常にスムーズに進み、プロダクトXの新機能リリースに大きく貢献できたことを実感しています。,5,Positive
134,営業,2024/12/21,今四半期、チームリーダーの的確なサポートのおかげで、プロダクトXの販売目標を達成できたことは大変喜ばしいです。,5,Positive
135,開発,2024/7/27,現時点では大きな問題もなく、日々のタスクをこなせています。,3,Neutral
136,総務,2024/4/15,システムZの導入以降、問い合わせ対応の負荷が著しく増大しており、業務効率が著しく低下している。,1,Negative
137,人事,2024/12/22,関係部署との連携がスムーズに進み、直近のプロジェクトを円滑に進めることができました。,4,Positive
138,営業,2024/7/13,今期の営業目標達成に向けて、関係部署との連携は円滑に進んでおります。,3,Neutral
139,人事,2024/7/18,今回のプロダクトXのローンチにあたり、関係部署の皆さんと連携して進められたことが、私にとって大きな喜びです。,5,Positive
140,人事,2024/11/4,今期はプロダクトXのリリース準備に追われ、本来注力すべきタスクに十分な時間を割けなかったのが実情です。,2,Negative
141,開発,2024/9/5,直近のプロジェクトにおいて、関係部署との連携不足が原因で、バグ修正に想定以上の時間を費やしてしまいました。,1,Negative
142,営業,2024/7/26,今四半期は、サービスBの提案がクライアントに響き、目標を大きく上回る成果を出すことができました。,5,Positive
143,開発,2024/11/14,直近のプロジェクトにおいて、関係部署との連携がスムーズに進んだため、プロダクトXの開発も予定通り進行しています。,4,Neutral
144,サポート,2024/10/15,新機能Yのリリースが成功し、顧客からの問い合わせ対応がスムーズに進んでいます。,5,Positive
145,営業,2024/8/24,今四半期の新機能Yは、クライアントからの反応も非常に良く、売上目標を大きく上回ることができました。,5,Positive
146,開発,2024/4/18,直近のプロジェクトでは、関係部署との連携が非常にスムーズに進み、プロダクトXの新機能リリースを予定通り完了できたことに大変満足しています。,5,Positive
147,人事,2024/7/13,関係部署との連携がスムーズで、今四半期の目標達成に大きく貢献できたことを嬉しく思います。,4,Positive
148,総務,2024/5/9,システムZの導入について、直近のプロジェクトではまだ一部で利用に戸惑いが見られるようです。,2,Neutral
149,営業,2024/1/27,直近のプロジェクトにおける関係部署との連携不足により、顧客折衝に想定以上の時間を要しました。,2,Negative
150,総務,2024/11/29,皆様の積極的なご協力のおかげで、今四半期の福利厚生イベントを無事成功させることができました。,5,Positive
151,営業,2024/4/12,直近のプロジェクトで、関係部署の皆さんと連携できたことが、顧客折衝を円滑に進める上で大変助かりました。,4,Neutral
152,営業,2024/8/30,製品Aの売上が計画を下回り、クライアントとの関係悪化も懸念されます。,1,Negative
153,営業,2024/12/24,顧客折衝のタスクにおいて、サポート体制の不足からクライアントへの迅速な対応が難しく、契約に繋がらなかったケースが複数発生しました。,1,Negative
154,総務,2024/11/6,製品Aの直近のアップデートについて、担当部署の方々にご協力いただき、スムーズに導入が進みました。,3,Neutral
155,営業,2024/6/8,製品Aの販売状況は概ね計画通りに進んでいますが、新機能Yの追加による顧客折衝にまだ課題が残っています。,3,Neutral
156,営業,2024/10/21,製品Aの販売目標達成に向けて、ここ数週間の顧客折衝は想定以上に難航しております。,3,Negative
157,人事,2024/2/8,今四半期のプロダクトXの改善に、関係部署の皆さんが大きく貢献してくれたことで、目標達成に繋がりました。,4,Positive
158,サポート,2024/2/22,直近のプロジェクトで、関係部署との連携が円滑に進まず、多くの問い合わせ対応に時間を取られてしまいました。,1,Negative
159,総務,2024/3/2,社内CRMの操作性については、改善の余地があるかと存じます。,3,Neutral
160,サポート,2024/8/7,製品Aに関する問い合わせ対応は、ここ数週間で件数が増加しましたが、概ね安定して対応できています。,3,Neutral
161,総務,2024/1/7,今回の福利厚生イベントは、準備段階から関係部署の皆様のご協力が大変スムーズに進み、参加者からも好評でした。,5,Positive
162,人事,2024/7/4,ここ数週間のプロダクトXの改善提案について、関係部署との連携は概ねスムーズに進んでいると感じています。,3,Neutral
163,人事,2024/9/24,この度、プロダクトXの開発において、関係部署と連携し、進捗管理を円滑に行うことができました。,3,Neutral
164,総務,2024/9/4,システムZの導入にあたり、関係部署との連携が今ひとつスムーズに進まなかった点が気になっております。,3,Negative
165,人事,2024/5/17,直近のプロジェクトにおける製品Aの対応に、課題が散見されたことは残念ながら否めません。,2,Negative
166,総務,2024/2/14,システムZの導入にあたり、期待していたほどの効果はまだ見られず、今後の改善に期待したいと考えております。,2,Neutral
167,総務,2024/8/25,現状維持で、特に大きな問題もなく推移いたしました。,3,Neutral
168,サポート,2024/1/15,製品Aの提供体制について、ここ数週間で発生している頻繁な障害対応に追われ、本来の問い合わせ対応業務に支障が出ている状況です。,1,Negative
169,人事,2024/4/18,製品Aの改善点について、関係部署と連携し、次期リリースに向けて検討を進めております。,3,Neutral
170,総務,2024/11/1,直近のプロジェクトでは、関係部署との連携を密に進めることができました。,3,Neutral
171,総務,2024/4/7,システムZの導入、現場からの改善要望を考慮いただけず、業務効率が大幅に低下しました。,1,Negative
172,営業,2024/10/11,製品Aの販売が順調で、クライアントからの評判も非常に良いです。,5,Positive
173,開発,2024/9/8,直近のプロジェクトにおける関係部署との連携不足が、プロダクトXの開発遅延に大きく影響していると感じています。,1,Negative
174,人事,2024/4/23,直近のプロジェクトにおいて、関係部署との連携は概ねスムーズに進みました。,3,Neutral
175,人事,2024/10/24,直近のプロジェクトにおける担当マネージャーからの指示が不明瞭で、タスク遂行に多大な支障が出ております。,1,Negative
176,総務,2024/8/5,システムZの導入以降、問い合わせ対応が通常業務に支障をきたすほど増加しております。,1,Negative
177,サポート,2024/5/18,直近のプロジェクトでの新機能Yリリースにおいて、関係部署との連携がスムーズに進み、無事完了できたことに感謝いたします。,4,Positive
178,総務,2024/4/8,今四半期のプロダクトXについて、関係部署の皆様の多大なご協力のおかげで、無事に計画通り進捗しております。,5,Positive
179,総務,2024/12/19,総務としては、直近の福利厚生イベントが大変好評で、参加者の満足度も非常に高かったと伺っております。,5,Positive
180,開発,2024/5/21,直近のプロジェクトでは、同僚の協力もあって、期待していた成果を出すことができました。,4,Positive
181,サポート,2024/5/24,直近のプロジェクトでは、関係部署の皆様のご協力もあり、大きな問題なくタスクを完了することができました。,3,Neutral
182,営業,2024/7/3,直近のプロジェクトにおいて、関係部署との連携は概ねスムーズに進みました。,3,Neutral
183,開発,2024/3/5,今四半期のプロダクトX開発では、チームメンバーと協力して多くのバグ修正を完了できたため、大変満足しています。,4,Positive
184,総務,2024/5/29,今回の改善提案について、関係部署の皆様のご協力のおかげで、システムZの導入がスムーズに進み、業務効率が飛躍的に向上しました。,5,Positive
185,開発,2024/2/22,直近のプロジェクトにおける関係部署との連携不足が、プロダクトXの開発遅延に繋がってしまったと感じています。,2,Negative
186,営業,2024/8/13,顧客折衝のタスクにおいて、サービスBのサポート体制が不十分で、クライアントからの問い合わせ対応に時間がかかりました。,1,Negative
187,総務,2024/9/1,総務として、新システムZの導入がスムーズに進み、関係部署の皆様のご協力に大変感謝しております。,5,Positive
188,営業,2024/2/7,直近のプロジェクトにおける顧客折衝は一定の成果がありましたが、更なる改善の余地もあると感じています。,3,Neutral
189,サポート,2024/3/17,製品Aにおける度重なる不具合対応に追われ、本来の問い合わせ対応業務に支障が出ております。,1,Negative
190,サポート,2024/5/7,直近のプロジェクトにおける顧客折衝では、関係部署の協力を得ながら、概ねスムーズに進めることができました。,3,Neutral
191,営業,2024/11/1,顧客折衝のタスクが多すぎて、資料作成に全く手が回りませんでした。,1,Negative
192,サポート,2024/8/18,皆様のご協力のおかげで、今四半期の問い合わせ対応件数を過去最高にすることができました。,5,Positive
193,人事,2024/8/7,新機能Yのリリースに向けた関係部署との連携が非常にスムーズに進んでおり、大変感謝しております。,5,Positive
194,総務,2024/2/20,プロダクトXの仕様変更について、関係部署との連携が円滑に進まず、業務に支障が出ております。,1,Negative
195,開発,2024/2/11,直近のプロジェクトにおける関係部署との連携不足が、プロダクトXの開発遅延に大きく影響していると感じます。,1,Negative
196,開発,2024/3/21,開発プロセスにおける新機能Yのリリースは、関係部署の協力もあり、予定通りかつ高品質で完了できたと感じています。,5,Positive
197,営業,2024/8/28,顧客折衝に時間を取られ、今四半期の新規プロダクトXの導入が半数に留まった。,1,Negative
198,総務,2024/5/24,今回の福利厚生イベントは、準備段階から関係部署の皆様にご協力いただき、大変スムーズに実施できました。,5,Positive
199,人事,2024/5/15,関係部署の皆様のご協力もあり、今四半期のプロダクトXのローンチが順調に進んだことに大変感謝しております。,5,Positive
200,サポート,2024/8/5,今四半期の問い合わせ対応件数が増加したものの、システムZの改修が遅れたため、一部の顧客折衝に影響が出てしまいました。,3,Negative
201,営業,2024/5/16,正直なところ、期待していたほどの効果は得られず、クライアントへの提案にも苦慮しております。,1,Negative
202,開発,2024/6/6,今四半期の新機能開発は、チームの協力のおかげで計画通りに進捗しており、大変満足しています。,5,Positive
203,サポート,2024/5/27,直近のプロジェクトでは、関係部署との連携がスムーズに進み、概ね良好な結果が得られたと考えております。,3,Neutral
204,人事,2024/12/24,今回のサービスBの改善は、関係部署の協力もあり、期待以上の成果を上げることができました。,5,Positive
205,人事,2024/9/9,今回のアンケート結果については、現状維持といったところでしょうか。特に大きな変化は見られませんでした。,3,Neutral
206,人事,2024/8/9,この度、プロダクトXにおける新機能Yのリリースが成功裏に完了し、関係部署の皆様のご尽力に心より感謝申し上げます。,5,Positive
207,総務,2024/4/27,プロダクトXの担当者と連携して資料作成を行いましたが、連携不足により期日までに完了できず、関係部署に多大な迷惑をかけてしまいました。,1,Negative
208,サポート,2024/12/10,直近のプロジェクトにおける関係部署との連携不足により、問い合わせ対応の件数が大幅に増加してしまいました。,1,Negative
209,総務,2024/3/30,直近のプロジェクトにおける関連部署との連携が、想定以上にスムーズに進まなかった点が残念でした。,2,Negative
210,人事,2024/5/22,新機能Yのリリース準備における関係部署との連携不足が、想定外の遅延を招いたことは否めません。,1,Negative
211,開発,2024/9/8,新機能Yの開発において、関係部署との連携は概ねスムーズに進みましたが、一部で進行の遅れも発生しました。,3,Neutral
212,営業,2024/6/13,直近のプロジェクトで、関係部署との連携不足が原因で納期遅延が発生し、クライアントからの信頼を失ってしまいました。,1,Negative
213,営業,2024/12/21,製品Aの販売件数は、ここ数週間で期待ほど伸びていませんが、クライアントとの良好な関係は維持できています。,3,Neutral
214,人事,2024/10/8,今四半期のプロダクトXに関する関係部署との連携も、概ねスムーズに進みました。,3,Positive
215,営業,2024/6/14,直近のプロジェクトにおける関係部署との連携不足により、顧客折衝に遅延が生じてしまっております。,1,Negative
216,営業,2024/9/20,直近のプロジェクトでは、関係部署との連携がスムーズに進み、概ね計画通りに業務を進めることができました。,3,Neutral
217,営業,2024/7/30,顧客折衝で必要となる情報共有が遅く、クライアントからの信頼を損ねかねない状況です。,1,Negative
218,営業,2024/9/12,今四半期の目標達成に向けて、チーム全体で一体となって取り組めたことが何よりの成果でした。,5,Positive
219,人事,2024/10/8,今回のプロダクトXに関する社内CRMの利用状況について、特筆すべき改善点は見られませんでした。,3,Neutral
220,開発,2024/12/23,新機能Yの開発に携わりましたが、プロダクトX全体の改善という点では、まだ伸びしろがあると感じています。,3,Neutral
221,人事,2024/11/7,今四半期のプロダクトXに関する改善提案、関係部署と連携して実現できたことを大変嬉しく思います。,3,Positive
222,開発,2024/1/8,直近のプロジェクトにおける顧客折衝については、期待通りの結果が出せたものの、一部のタスクに想定以上の時間を要しました。,3,Neutral
223,サポート,2024/2/28,今四半期の製品Aに関する問い合わせ対応件数が想定以上に増加しており、リソース不足を感じています。,1,Negative
224,人事,2024/3/19,直近のプロジェクトにおける同僚との連携については、概ねスムーズに進んでいると感じております。,3,Neutral
225,人事,2024/12/27,直近のプロジェクトでは、関係部署との連携がスムーズに進み、一定の成果を上げられたかと存じます。,3,Neutral
226,総務,2024/8/29,システムZの導入以降、問い合わせ対応に追われる日々が続いており、本来の業務に支障をきたしております。,1,Negative
227,開発,2024/4/7,直近のプロジェクトでは、関係部署との連携不足により、プロダクトXのリリースが大幅に遅延してしまいました。,1,Negative
228,サポート,2024/2/5,製品Aの問い合わせ対応件数が想定以上に多く、十分なリソースを確保できず、クライアントへの対応に遅延が出てしまうことがありました。,2,Negative
229,総務,2024/6/23,プロダクトXの直近のアップデートについて、一部のユーザーから改善要望の声をいただいております。,2,Neutral
230,サポート,2024/6/1,今回の新機能リリースは、顧客からの問い合わせ対応において、大幅な効率化につながりました。,5,Positive
231,サポート,2024/3/17,直近のプロジェクトで、関係部署との連携が円滑に進まず、問い合わせ対応に遅延が生じている状況です。,1,Negative
232,人事,2024/10/9,直近のプロジェクトにおける関係部署との連携不足により、プロダクトXのリリースが大幅に遅延したことは、非常に残念です。,1,Negative
233,サポート,2024/4/6,今期はプロダクトXの新機能リリースに貢献でき、関係部署との連携もスムーズに進んだため、概ね満足しております。,3,Positive
234,開発,2024/7/29,直近のプロジェクトでは、仕様変更が頻繁に発生し、開発スケジュールに遅延が生じました。,1,Negative
235,営業,2024/7/14,今四半期、チームメンバーの協力もあり、クライアントからの信頼をさらに深めることができ、大変満足しています。,5,Positive
236,人事,2024/11/29,新機能Yのローンチに向けた関係部署との連携について、現状の進捗を一定と捉えております。,3,Neutral
237,開発,2024/9/14,直近のプロジェクトにおいて、関係部署との連携不足が響き、リリース延期を余儀なくされた。,1,Negative
238,サポート,2024/8/13,新機能Yのリリースによる問い合わせ対応がスムーズに進み、顧客満足度も向上していることを実感しています。,5,Positive
239,営業,2024/3/14,顧客折衝のタスクが、本来の業務からかけ離れた内容に追われ、本来の成果に繋がっていないと感じております。,1,Negative
240,人事,2024/2/8,先月の定例報告における情報共有の迅速化は、担当マネージャーとも認識を共有しております。,4,Neutral
241,人事,2024/11/15,引き続き、サービスBの機能改善に努めてまいります。,3,Neutral
242,人事,2024/12/11,現在、プロダクトXに関する顧客折衝で、関係部署との連携に一部課題が見られます。,2,Negative
243,サポート,2024/9/6,今回の新機能Yリリースは、顧客からの問い合わせ対応件数が半分になっただけでなく、クライアントからも大変好評で、サポートチームとしても手応えを感じています。,5,Positive
244,サポート,2024/11/19,今回の新機能リリースは、顧客からの問い合わせ対応において、以前の半分以下の時間で解決できるようになり、大変満足しております。,5,Positive
245,総務,2024/8/10,直近のプロジェクトにおける関係部署との連携については、概ね順調に進んでいると感じています。,3,Neutral
246,営業,2024/2/21,直近のプロジェクトでは、関係部署との連携がスムーズに進み、一定の成果を出すことができました。,3,Neutral
247,人事,2024/1/15,今四半期のプロダクトXのローンチは、関係部署の皆さまの多大なるご協力のおかげで、大変スムーズに進みました。,5,Positive
248,営業,2024/7/2,今四半期も、クライアントの皆様からの信頼をさらに深めることができ、大変充実した期間となりました。,5,Positive
249,総務,2024/7/29,プロダクトXの提供体制が依然として不安定で、問い合わせ対応に多くの時間を割かざるを得ない状況です。,1,Negative
250,サポート,2024/3/30,直近のプロジェクトでの製品Aのバグ修正対応が想定以上に多く、十分なサポートを提供できなかったため、クライアントにご迷惑をおかけしたことを反省しております。,1,Negative
251,営業,2024/12/15,製品Aの納品遅延が長引き、クライアントからの問い合わせ対応に追われる日々が続いております。,1,Negative
252,開発,2024/4/28,新機能Yの開発において、関係部署との連携が円滑に進まず、バグ修正にかなりの時間を取られてしまいました。,1,Negative
253,人事,2024/12/7,今四半期のプロダクトXにおける、複数部署からの問い合わせ対応が想定以上に多く、リソース不足を感じる場面が多々ありました。,1,Negative
254,営業,2024/5/27,今期の売上目標達成に向け、関係部署との連携をさらに強化していく必要があると感じております。,3,Neutral
255,サポート,2024/6/25,今四半期の新機能リリースにおいて、関係部署の皆様のご協力のおかげで、顧客からの問い合わせ対応が非常にスムーズに進みました。,5,Positive
256,サポート,2024/12/19,今四半期の新機能Yリリースに伴う問い合わせ対応は、チーム全体で連携し、計画通りに完了できたかと思います。,3,Positive
257,総務,2024/7/15,システムZの導入以降、問い合わせ対応の件数が想定以上に増えており、業務負荷が高まっている状況です。,1,Negative
258,人事,2024/7/2,今四半期のプロダクトXにおける新機能Yのリリースは、関係部署との連携が非常にスムーズに進み、大成功でした。,5,Positive
259,サポート,2024/1/12,今回の製品Aのアップデートにより、顧客からの問い合わせ対応が格段にスムーズになり、満足度が向上したことを実感しております。,5,Positive
260,人事,2024/12/17,今回のシステムZ導入により、問い合わせ対応の効率が目に見えて改善され、関係部署の皆様には大変感謝しております。,5,Positive
261,営業,2024/5/26,直近のプロジェクトでは、関係部署との連携がスムーズに進み、顧客折衝も概ね順調でした。,3,Neutral
262,開発,2024/11/21,直近のプロジェクトで、関係部署との連携不足からバグ修正に時間を要し、期日を守れなかったため、プロダクトXのリリースが遅延してしまった。,1,Negative
263,開発,2024/12/3,直近のプロジェクトでは、関係部署との連携不足が原因で、リリース遅延に繋がってしまったと認識しております。,1,Negative
264,開発,2024/11/26,直近のプロジェクトにおける新機能Yの開発について、関係部署との連携がスムーズに進まなかったため、当初の計画から遅延が発生しました。,3,Negative
265,営業,2024/10/23,今四半期の目標達成に向けて、チーム一丸となって取り組めたことを大変嬉しく思います。,5,Positive
266,総務,2024/5/31,現在、プロダクトXの利用状況について、関係部署と連携しながら進捗を注視しております。,3,Neutral
267,総務,2024/3/8,直近のプロジェクトにおいて、関係部署との連携は概ね良好でしたが、一部で情報共有の遅延が見られました。,3,Neutral
268,サポート,2024/9/13,直近のプロジェクトでは、関係部署との連携もスムーズで、概ね期待通りの結果が出せたと感じております。,3,Neutral
269,総務,2024/9/3,直近のプロジェクトにおいて、関係部署の皆様には大変お世話になりました。,3,Neutral
270,総務,2024/2/28,現在、システムZの定例報告における資料作成のタスクを遂行しております。,3,Neutral
271,人事,2024/4/25,直近のプロジェクトにおいては、担当マネージャーと密に連携を取りながら、タスクの進捗管理に努めております。,3,Neutral
272,人事,2024/7/6,新機能Yのリリースに向けて、関係部署との連携は順調に進んでいるものの、一部タスクの遅延が見受けられます。,2,Neutral
273,営業,2024/10/1,直近のプロジェクトでは、関係部署との連携がスムーズに進み、目標達成に向けて順調に進んでいます。,3,Neutral
274,営業,2024/12/10,顧客折衝のタスクが激増し、プロダクトXのサポート体制が追いついていない状況です。,1,Negative
275,総務,2024/7/9,製品Aの導入に関して、関係部署との連携が円滑に進まず、当初の予定から遅延が発生してしまっています。,2,Negative
276,営業,2024/11/13,今四半期の製品Aの売上目標達成が非常に困難であり、クライアントへの十分なサポート体制が取れていない状況です。,1,Negative
277,サポート,2024/11/27,新機能Yのリリースにより、顧客からの問い合わせ対応が大幅に効率化され、大変満足しております。,5,Positive
278,営業,2024/12/24,製品Aの販売計画が当初の想定と大きく乖離しており、今四半期の目標達成は非常に困難な状況です。,1,Negative
279,総務,2024/1/24,プロダクトXの直近のアップデートは、想定していたほどの効果が得られず、問い合わせ対応の件数も増加傾向にあります。,1,Negative
280,営業,2024/2/19,製品Aの好調により、今四半期は大幅な売上増となりました。,5,Positive
281,開発,2024/8/20,直近のプロジェクトでは、関係部署との連携もスムーズに進み、概ね予定通りに完了できたと感じています。,3,Neutral
282,総務,2024/10/3,直近のプロジェクトにおける関係部署との連携が、期待していたほどスムーズに進まなかったように感じております。,2,Negative
283,人事,2024/7/31,今四半期のプロダクトXに関するユーザーからの問い合わせ対応が、想定以上に増加しており、チームの負担が増大している状況です。,2,Negative
284,営業,2024/5/23,今四半期の製品Aの販売数について、概ね目標通りに進捗しました。,3,Neutral
285,営業,2024/8/15,製品Aの販売促進活動において、関係部署との連携が円滑に進まず、目標達成が困難な状況です。,1,Negative
286,開発,2024/12/17,今四半期のプロダクトX開発において、関係部署との連携は概ねスムーズでしたが、一部タスクの進捗に課題も残りました。,3,Neutral
287,総務,2024/7/2,システムZの導入について、現時点ではまだ一部の機能で手戻りが発生している状況です。,3,Negative
288,営業,2024/3/3,製品AのUI改善により、クライアントからの問い合わせ対応が大幅に効率化され、顧客満足度が向上しました。,5,Positive
289,人事,2024/11/23,直近のプロジェクトでは、関係部署の皆さんと協力して、プロダクトXの新機能Yを無事ローンチできたことを大変嬉しく思います。,5,Positive
290,サポート,2024/6/19,製品Aに関する問い合わせ対応において、ここ数週間で対応件数が増加しましたが、平均的な解決時間は維持できております。,3,Neutral
291,開発,2024/4/15,直近のプロジェクトでは、関係部署との連携もスムーズに進み、一定の成果を上げることができたと感じています。,3,Neutral
292,営業,2024/10/27,担当マネージャーからの指示を基に、今四半期は一定の成果を上げることができたと考えております。,3,Neutral
293,開発,2024/3/16,直近のプロジェクトでは、開発プロセスにおける課題がいくつか見受けられましたが、関係部署との連携により、概ね円滑に進めることができました。,3,Neutral
294,サポート,2024/3/15,先月の新機能リリースにおいて、関係部署の皆様のご尽力のおかげで、多くの顧客からポジティブなフィードバックをいただけました。,4,Positive
295,開発,2024/2/26,直近のプロジェクトにおいて、関係部署との連携不足からタスクの遅延が頻発しており、プロダクトXのリリースに遅れが生じかねない状況です。,2,Negative
296,営業,2024/5/1,今四半期の売上目標を大幅に達成できたのは、クライアントとの密な連携と、関係部署の迅速なサポートのおかげです。,5,Positive
297,サポート,2024/1/27,今回の新機能リリースは、顧客からの問い合わせ対応において、劇的な効率化を実現しました。,5,Positive
298,開発,2024/2/2,直近のプロジェクトでは、関係部署との連携で一部課題も見られましたが、概ね順調に進捗したかと思います。,3,Neutral
299,人事,2024/10/30,現状のシステムZでは、プロダクトXの進捗管理に多くの課題があり、関係部署との連携も非効率になっていると感じています。,1,Negative
300,営業,2024/11/10,現行の社内CRMでは、顧客折衝の際に必要な情報が瞬時に把握できず、業務効率が著しく低下していると感じます。,1,Negative
301,営業,2024/12/3,顧客折衝の工数が想定よりも多くかかりましたが、概ね予定通りに進捗しました。,4,Neutral
302,サポート,2024/1/16,今回導入された新機能Yは、問い合わせ対応の効率を大幅に向上させ、関係部署の皆様のご尽力に大変感謝しております。,5,Positive
303,営業,2024/8/6,現状の顧客折衝における社内CRMの利用状況には、一部改善の余地があると感じております。,2,Neutral
304,営業,2024/2/7,現状維持はできているものの、プロダクトXの機能強化が遅れているため、クライアントへの提案に苦慮しております。,3,Negative
305,営業,2024/3/5,今四半期の目標達成は、チームリーダーと関係部署の皆様のご協力あってこそです。,5,Positive
306,総務,2024/12/30,システムZの導入以来、問い合わせ対応に追われる日々が続いております。,1,Negative
307,総務,2024/5/30,総務としても、新機能Yの導入により、従業員の皆様の利便性が向上したことを実感しております。,5,Positive
308,人事,2024/12/25,新機能Yのリリース延期は、関係部署との連携不足が原因であり、非常に残念に思います。,1,Negative
309,営業,2024/10/9,今期の製品Aの売上目標達成に向けて、関係部署との連携を強化していく必要があると感じています。,3,Neutral
310,開発,2024/7/30,直近のプロジェクトにおいて、関係部署との連携不足が原因で、サービスBのリリースに遅延が発生してしまったのは残念でした。,2,Negative
311,総務,2024/2/18,業務効率化のために導入された新システムZについて、現時点では概ね良好に進んでいるものの、一部の機能について改善の余地があると感じています。,3,Neutral
312,総務,2024/7/10,システムZの導入以来、部署内での問い合わせ対応が滞っており、業務効率が著しく低下している。,1,Negative
313,開発,2024/2/16,新機能Yの開発に思った以上に時間がかかり、期日までのリリースが危ぶまれる状況である。,1,Negative
314,営業,2024/7/9,今四半期の新機能Yにより、クライアントからの問い合わせ対応が以前よりスムーズになり、受注件数も伸びています。,5,Positive
315,開発,2024/10/14,直近のプロジェクトで、関係部署との連携不足が深刻なバグ修正の遅延を招きました。,1,Negative
316,サポート,2024/6/30,今回の部署ミーティングでは、関係部署との連携強化に向けた具体的なアクションプランが明確になり、大変有益でした。,5,Positive
317,人事,2024/5/27,今回のアンケート結果、ありがとうございます。プロダクトXの進捗については、関係部署との連携をさらに強化していきたいと考えております。,3,Neutral
318,サポート,2024/9/16,今四半期の新機能Yリリースにおける関係部署の皆様の迅速なご協力に、心より感謝申し上げます。,5,Positive
319,開発,2024/2/25,今回新機能Yの実装に携われたことは、非常にやりがいのある経験となりました。,5,Positive
320,総務,2024/5/22,担当部署からの度重なる依頼にも、概ねスムーズに対応できております。,3,Neutral
321,サポート,2024/10/14,この度、大変嬉しい評価をいただき、誠にありがとうございます。,5,Positive
322,サポート,2024/1/14,直近のプロジェクトにおいて、関係部署との連携不足が原因で、多くの問い合わせ対応に遅延が生じてしまいました。,1,Negative
323,サポート,2024/5/16,今回のプロダクトXに関する問い合わせ対応件数は、想定していたよりも多く、対応に追われる場面がありました。,2,Neutral
324,営業,2024/6/7,今四半期は、チームリーダーの的確なサポートもあり、プロダクトXの販売目標を達成できました。,4,Positive
325,総務,2024/3/14,直近のプロジェクトでは、関係部署の皆さんのご協力のおかげで、スムーズに業務を進めることができました。,5,Positive
326,サポート,2024/11/20,直近のプロジェクトにおける関係部署との連携不足により、問い合わせ対応に遅延が生じております。,1,Negative
327,営業,2024/7/11,今期は製品Aの販売数が大幅に伸び、チーム全体で目標を達成できたことに大変満足しております。,5,Positive
328,人事,2024/6/8,直近のプロジェクトにおける関係部署との連携不足により、プロダクトXのリリースに遅延が生じたことは残念でなりません。,1,Negative
329,総務,2024/2/13,社内CRMの運用について、一部業務効率化の余地があると感じております。,3,Neutral
330,営業,2024/1/26,今四半期は、クライアントとの関係構築が順調に進み、目標達成に向けて大きな一歩を踏み出せたと感じております。,4,Positive
331,営業,2024/9/5,今四半期は、サービスBの提案がクライアントに響き、目標を大きく上回る成果を出すことができました。,5,Positive
332,サポート,2024/9/19,直近のプロジェクトにおける関係部署との連携不足により、問い合わせ対応の件数が大幅に増加しました。,1,Negative
333,営業,2024/12/13,今四半期の売上目標を達成できたのは、関係部署の皆様のご協力あってこそです。,5,Positive
334,サポート,2024/1/24,製品Aの直近のアップデートにより、問い合わせ対応件数が大幅に増加し、現場の負担が増大しています。,1,Negative
335,開発,2024/1/4,今四半期、新機能Yの開発に携われたことは大変刺激的で、プロダクトXの成長に貢献できたことを嬉しく思います。,5,Positive
336,開発,2024/3/11,開発チームの皆さんの協力のおかげで、新機能Yの開発が予定より早く完了しました。,5,Positive
337,総務,2024/9/11,新機能Yのリリース対応は、関係部署の皆様の迅速なご協力もあり、無事に完了いたしました。,5,Positive
338,人事,2024/12/26,この度、チームリーダーのご支援もいただき、プロダクトXのリリースに大きく貢献できたことは大変喜ばしい限りです。,5,Positive
339,開発,2024/6/30,直近のプロジェクトで、関係部署との連携不足により、プロダクトXの開発に遅延が生じてしまったことが残念です。,2,Negative
340,営業,2024/8/11,製品Aの販売強化に向けて、関係部署との連携がスムーズに進んでおり、期待以上の成果を上げることができました。,4,Positive
341,営業,2024/6/9,製品Aの販売目標達成に向けて、クライアントとの連携がうまくいかず、今四半期の進捗は芳しくありません。,1,Negative
342,サポート,2024/11/23,直近のプロジェクトでの関係部署との連携不足により、問い合わせ対応に遅延が発生し、クライアントからのクレームが増加してしまいました。,1,Negative
343,人事,2024/6/15,今回のプロダクトXのリリースにあたり、関係部署の皆様のご協力に心より感謝いたします。,5,Positive
344,開発,2024/12/19,直近のプロジェクトでは、関係部署との連携がスムーズに進んだものの、一部タスクの遅延が見られました。,3,Neutral
345,総務,2024/5/4,全体会議の準備においては、関係部署の皆様のご協力のおかげで、スムーズに進めることができました。,4,Positive
346,人事,2024/7/21,直近のプロジェクトにおける関係部署との連携不足により、expectedな成果を出すことができませんでした。,1,Negative
347,総務,2024/3/27,担当部署との連携は概ね良好でしたが、一部のタスクにおいて、もう少し情報共有を密にできれば、よりスムーズに進められたかと存じます。,3,Neutral
348,営業,2024/9/18,直近のプロジェクトにおける関係部署との連携不足で、顧客折衝に遅延が出ており、非常に苦慮しております。,1,Negative
349,開発,2024/11/26,直近のプロジェクトにおいて、新機能Yの開発は計画通りに進捗しましたが、一部のバグ修正に想定以上の時間を要しました。,3,Neutral
350,開発,2024/4/11,今四半期の開発期間、プロダクトXの新機能Yリリースに向けて、関係部署の皆さんと連携してタスクを迅速に進めることができ、大変満足しております。,5,Positive
351,開発,2024/12/1,直近のプロジェクトにおいて、関係部署との連携不足からタスクの遅延が頻発し、チームとしても苦慮しております。,2,Negative
352,営業,2024/9/9,今期もプロダクトXの販売目標達成に貢献でき、大変やりがいを感じております。,4,Positive
353,人事,2024/8/17,直近のプロジェクトにおいて、関係部署との連携は概ねスムーズに進みました。,3,Neutral
354,サポート,2024/6/14,問い合わせ対応の件数が増加しており、体制の見直しが必要だと感じています。,3,Negative
355,総務,2024/8/14,今回の福利厚生イベントは、参加者の満足度も高く、担当部署の皆様の尽力に感謝いたします。,5,Positive
356,総務,2024/6/29,関係部署との連携は概ねスムーズに進んでおりますが、一部で情報共有の遅延が見受けられるため、改善を検討いたします。,3,Neutral
357,サポート,2024/1/20,今回導入された新機能Yのおかげで、問い合わせ対応の効率が格段に向上しました。,5,Positive
358,営業,2024/11/26,今四半期は、プロダクトXの新機能とチームの連携が功を奏し、クライアントからの評価も非常に高かったです。,5,Positive
359,営業,2024/8/24,製品Aの売上が伸び悩んでおり、このままでは今四半期の目標達成は非常に厳しい状況です。,1,Negative
360,サポート,2024/1/22,新機能Yの問い合わせ対応が、ここ数週間で大幅に増加しており、リソース不足を感じています。,2,Negative
361,人事,2024/4/6,現在、システムZの運用改善に向けたタスクを進めておりますが、今後はさらに効率化を図れるよう、関係部署とも連携を深めていきたいと考えております。,3,Neutral
362,総務,2024/2/1,システムZの刷新が現場の負担を増加させるだけで、生産性向上に繋がっていないように見受けられます。,1,Negative
363,人事,2024/6/24,関係部署の皆様のご協力もあり、直近のプロジェクトでは想定以上の成果を出すことができました。,4,Positive
364,営業,2024/5/6,製品Aの売上目標達成に、現時点では遠く及ばず、大変厳しい状況です。,1,Negative
365,人事,2024/11/8,今回のプロダクトXに関するご意見、ありがとうございます。今後の改善に活かさせていただきます。,3,Neutral
366,開発,2024/7/17,直近のプロジェクトでは、関係部署の皆様と連携し、プロダクトXの新機能Yを無事リリースできたことに満足しています。,3,Positive
367,人事,2024/1/27,今回のプロダクトXに関する問い合わせ対応は、前期間と比較して対応件数が若干増加しましたが、概ねスムーズに進められました。,3,Neutral
368,総務,2024/12/13,今四半期のサービスBの改善、大変素晴らしかったです。関係部署の皆様のご尽力に心より感謝申し上げます。,5,Positive
369,人事,2024/12/2,製品Aの品質向上に向けたチームの貢献は目覚ましく、今後への期待も高まっています。,4,Positive
370,サポート,2024/10/25,製品Aに関する問い合わせ対応については、概ねスムーズに進めることができましたが、一部対応に時間を要するケースも見られました。,3,Neutral
371,開発,2024/12/1,新機能Yの開発は順調に進んでいますが、一部のコードレビューに想定以上の時間を要しています。,3,Neutral
372,人事,2024/2/13,新機能Yのローンチに向けた関係部署との連携が非常にスムーズで、大変助かりました。,4,Positive
373,総務,2024/6/17,サービスBの提供体制において、直近のプロジェクトでの問い合わせ対応が期待していたほどスムーズに進まず、改善の余地が大きいと感じております。,1,Negative
374,開発,2024/12/16,直近のプロジェクトで、開発チーム内での情報共有が不足しており、タスクの遅延が複数発生してしまいました。,2,Negative
375,サポート,2024/9/17,関係部署の皆様の迅速なご協力のおかげで、直近のプロジェクトをスムーズに進めることができました。,5,Positive
376,総務,2024/4/19,この度、新システムZの導入に際し、関係部署の皆様にご協力いただいたおかげで、導入計画通りにスムーズに進めることができました。,5,Positive
377,総務,2024/4/25,製品Aの機能改善について、関係部署と連携し、対応を進めております。,3,Neutral
378,開発,2024/2/21,直近のプロジェクトで、新機能Yの開発が当初の計画より早く完了し、大変満足しております。,5,Positive
379,サポート,2024/9/26,製品Aに関する顧客からの問い合わせ対応において、期待していたほどの成果には至らなかったというのが率直な感想です。,2,Neutral
380,営業,2024/11/12,直近のプロジェクトで、関係部署との連携がスムーズに進まず、顧客折衝に遅延が発生してしまいました。,2,Negative
381,開発,2024/4/2,直近のプロジェクトで、関係部署との連携不足が原因でバグ修正に多くの時間を費やさざるを得なかった。,1,Negative
382,サポート,2024/8/12,製品Aに関する問い合わせ対応において、この度提供された新機能Yの活用を促進するための資料作成タスクを関係部署と協力して進めました。,3,Neutral
383,営業,2024/5/1,製品Aの納期遅延により、クライアントからの信頼を大きく損ねてしまいました。,1,Negative
384,人事,2024/8/17,今四半期のプロダクトXに関するタスクにおいて、関係部署との連携が十分でなかったため、期待していた成果には届きませんでした。,2,Negative
385,開発,2024/8/28,直近のプロジェクトにおける関係部署との連携不足が、プロダクトXの開発遅延に大きく影響しました。,1,Negative
386,開発,2024/8/13,直近のプロジェクトでは、関係部署との連携がスムーズに進み、プロダクトXのリリースに貢献できたと感じています。,3,Positive
387,人事,2024/9/14,今回のサービスBの提供においては、関係部署との連携がスムーズに進みました。,3,Neutral
388,サポート,2024/4/12,製品Aの応答性が低下したため、ここ数週間、問い合わせ対応に非常に苦慮しております。,1,Negative
389,サポート,2024/11/24,直近のプロジェクトでの連携が非常にスムーズで、目標達成に大きく貢献できたと感じています。,5,Positive
390,人事,2024/2/22,現在のシステムZの運用状況については、概ね問題なく業務を進められております。,3,Neutral
391,サポート,2024/3/23,直近のプロジェクトにおいて、関係部署との連携は概ねスムーズに進んでおります。,3,Neutral
392,総務,2024/8/11,プロダクトXにおける新機能Yのリリース準備が、関係部署の協力不足により大幅に遅延しています。,1,Negative
393,営業,2024/8/18,製品Aの改善点について、関係部署と情報共有を進めております。,3,Neutral
394,総務,2024/7/21,現状維持で問題ありませんが、更なる改善点があれば随時ご意見をお聞かせください。,3,Neutral
395,サポート,2024/2/11,今四半期の新機能Yリリースにあたり、関係部署の皆様には大変お世話になりました。おかげさまで、想定以上の反響を得ることができ、大変嬉しく思っております。,5,Positive
396,総務,2024/2/20,今期も、関係部署の皆様のご協力のおかげで、福利厚生イベントを無事に開催することができました。,5,Positive
397,総務,2024/5/26,今回、プロダクトXにおける新機能Yの導入について、関係部署と連携して進めてまいりました。,3,Neutral
398,人事,2024/12/27,現状のシステムZでは、プロダクトXの関連部署との連携に多くの時間を要しており、業務効率の改善が急務であると感じています。,1,Negative
399,人事,2024/2/10,直近のプロジェクトにおいて、関係部署との連携不足から、プロダクトXのリリースに遅延が発生してしまいました。,1,Negative
400,営業,2024/10/7,直近のプロジェクトでは、担当マネージャーの的確なサポートのおかげで、クライアントとの良好な関係を築き、目標を達成することができました。,4,Positive
401,サポート,2024/5/27,新機能Yのリリースに伴う問い合わせ対応が、想定以上に多く、サポート工数が大幅に逼迫しています。,1,Negative
402,開発,2024/8/2,今四半期の新機能開発は、チームの協力のおかげで予定通り、むしろ期待以上の品質で完了でき、大変満足しています。,5,Positive
403,サポート,2024/9/12,担当マネージャーからの指示が不明確で、この数週間の問い合わせ対応に支障が出ています。,1,Negative
404,サポート,2024/10/21,直近のプロジェクトにおける関係部署との連携不足が、問い合わせ対応の遅延に直結しており、改善が急務です。,1,Negative
405,開発,2024/1/1,直近のプロジェクトでは、関係部署との連携がスムーズに進み、プロダクトXのリリースに貢献できたと感じています。,3,Neutral
406,サポート,2024/4/5,今回の新機能リリースにおいて、関係部署の皆様と連携し、スムーズな顧客折衝ができたことを大変嬉しく思っております。,5,Positive
407,営業,2024/9/26,直近のプロジェクトにおける担当マネージャーからの指示が不明確で、進捗に大幅な遅延が生じています。,1,Negative
408,サポート,2024/10/10,直近のプロジェクトにおける担当マネージャーからの指示が、やや不明瞭に感じられる場面がありました。,3,Negative
409,営業,2024/11/21,製品Aの担当者として、クライアントとの良好な関係を築き、今四半期は目標を大幅に達成できました。,5,Positive
410,人事,2024/1/9,今四半期のプロダクトXに関するタスクは、関係部署との連携も円滑に進み、一定の進捗が見られました。,3,Neutral
411,総務,2024/12/2,直近のプロジェクトにおける関係部署との連携は円滑に進んでおり、今後の業務にも活かしていきたいと考えております。,3,Neutral
412,営業,2024/6/19,顧客折衝の機会は増えましたが、プロダクトXの理解を深めるにはもう少し時間が必要だと感じています。,3,Neutral
413,開発,2024/11/25,新機能Yの開発において、関係部署の皆様の迅速なご協力のおかげで、予定よりも早くリリースできそうです。,5,Positive
414,開発,2024/12/22,直近のプロジェクトにおける関係部署との連携が、よりスムーズに進むよう期待します。,3,Neutral
415,人事,2024/2/2,製品Aのリリースに向けたタスクにおいて、関係部署との連携が円滑に進まず、当初の予定から遅延が発生している状況です。,2,Negative
416,人事,2024/4/12,今四半期のチーム目標達成に貢献できたことを大変嬉しく思っており、今後もより良い成果を目指してまいります。,5,Positive
417,営業,2024/7/22,製品Aの販売数、今四半期で目標を10%上回ることができました。,5,Positive
418,サポート,2024/11/27,直近のプロジェクトでの顧客折衝において、連携不足から一部不備が生じ、対応に追われました。,1,Negative
419,開発,2024/1/25,直近のプロジェクトでは、同僚の協力もあり、新機能Yのリリースに大きく貢献できたと感じております。,4,Positive
420,総務,2024/8/11,部署全体で協力して、直近のプロジェクトを円滑に進めることができ、大変満足しております。,4,Positive
421,人事,2024/7/16,直近のプロジェクトにおいて、一部のタスクで期待通りの成果が出せず、改善の余地があると感じています。,2,Neutral
422,総務,2024/9/11,直近のプロジェクトにおける関係部署との連携は、概ねスムーズに進んだと感じております。,3,Neutral
423,総務,2024/2/12,社内CRMの入力作業に、もう少し効率化できる部分がないか検討したいと考えております。,3,Neutral
424,人事,2024/4/2,新機能Yのリリースに向けた関係部署との連携が非常にスムーズに進んでおり、大変感謝しております。,5,Positive
425,サポート,2024/6/16,今四半期の新機能Yリリースは、関係部署の皆様のご協力のおかげで、想定以上の顧客満足度を得ることができました。,5,Positive
426,総務,2024/8/6,総務の立場から見ても、新しい社内CRMの導入は業務効率化に大きく貢献していると感じています。,5,Positive
427,開発,2024/1/22,新機能Yの開発において、関係部署との連携が想定以上にスムーズに進まず、多くのバグ修正に追われることになった。,1,Negative
428,総務,2024/11/23,システムZの導入、担当部署との連携不足もあり、直近のプロジェクトで多くの混乱が生じました。,1,Negative
429,営業,2024/7/5,製品Aの品質向上と、関係部署との連携強化のおかげで、今四半期はクライアントからの評価も非常に高かったです。,5,Positive
430,サポート,2024/1/16,今四半期の問い合わせ対応件数は、昨年同期比で微増しましたが、引き続き安定して対応できております。,3,Neutral
431,開発,2024/8/12,直近のプロジェクトにおける関係部署との連携は概ねスムーズでしたが、一部タスクの進行に遅延が見られたため、今後はより一層の調整が必要だと感じています。,3,Neutral
432,営業,2024/11/26,今四半期も、クライアントとの関係構築が順調に進み、目標達成に大きく貢献できたことを実感しております。,5,Positive
433,総務,2024/1/17,この度は、社内CRMの改善にご協力いただき、誠にありがとうございました。関係部署の皆様のおかげで、直近のプロジェクトにおける問い合わせ対応件数を半分に抑えることができました。,3,Positive
434,サポート,2024/7/8,今回の新機能リリースは、顧客からの問い合わせ対応を格段に効率化できるものでした。,5,Positive
435,総務,2024/3/11,システムZの導入以降、問い合わせ対応に追われる日々が続いており、業務効率が著しく低下しています。,1,Negative
436,サポート,2024/5/22,今回の新機能Yリリースにおける関係部署の皆様のご協力に心より感謝いたします。,5,Positive
437,開発,2024/4/5,直近のプロジェクトでは、関係部署との連携がスムーズに進み、プロダクトXのリリースに貢献できました。,3,Neutral
438,人事,2024/3/1,担当マネージャーからの指示が不明瞭なため、資料作成に想定以上の時間がかかってしまいました。,3,Negative
439,総務,2024/4/19,現在、プロダクトXの安定稼働に向けたタスクに集中しており、概ね順調に進捗しているかと存じます。,3,Neutral
440,サポート,2024/9/8,直近のプロジェクトでは、関係部署との連携がスムーズに進み、多くの問い合わせ対応を効率的に完了できました。,3,Positive
441,開発,2024/8/19,新機能Yの開発で、関係部署との連携がスムーズに進み、リリース時期を半月早めることができたのは大きな成果だと感じています。,4,Positive
442,開発,2024/2/14,直近のプロジェクトでは、期待通りの成果を上げることができましたが、更なる改善の余地もあると感じています。,3,Neutral
443,総務,2024/10/8,現状のシステムZでは、担当部署からの問い合わせ対応に時間がかかりすぎており、業務効率が著しく低下していると感じます。,2,Negative
444,サポート,2024/3/21,製品Aの新機能リリースに向けた関係部署との連携が非常にスムーズで、大変助かっています。,5,Positive
445,開発,2024/3/3,直近のプロジェクトでは、関係部署との連携がスムーズに進み、プロダクトXのリリースに貢献できたと感じています。,3,Neutral
446,開発,2024/9/9,新機能Yの開発は順調に進んでいますが、関係部署との連携に一部改善の余地があると感じています。,3,Neutral
447,営業,2024/8/27,今四半期の売上目標を大幅に達成でき、関係部署の皆様にも大変感謝しております。,5,Positive
448,サポート,2024/2/3,直近のプロジェクトで、関係部署の皆様と密に連携できたことが、問い合わせ対応の迅速化に繋がったと感じています。,4,Positive
449,総務,2024/9/2,総務部門としては、新機能Yの導入により、部署内の連携がスムーズになり、業務効率が向上したことを実感しています。,4,Positive
450,サポート,2024/10/21,顧客からの問い合わせ対応で、システムZの不具合修正に多くの時間を費やしており、定例報告の資料作成が遅延しがちです。,1,Negative
451,営業,2024/2/7,顧客折衝においては、新機能Yのおかげでクライアントからの反応が非常に良く、今四半期も順調に売上を伸ばせそうです。,5,Positive
452,人事,2024/3/6,製品Aの直近のプロジェクトにおいて、開発チームとの連携不足が顕著であり、進捗に遅延が見られました。,1,Negative
453,サポート,2024/3/7,今四半期の問い合わせ対応件数が前年同期比で倍増しており、人員体制が追いついていない状況です。,1,Negative
454,人事,2024/3/4,担当マネージャーとの連携不足により、直近のプロジェクトにおけるタスク遂行に遅延が生じている状況です。,2,Negative
455,サポート,2024/6/14,新機能Yのリリースに際し、関係部署の皆様のご協力のおかげで、問い合わせ対応もスムーズに進めることができました。,5,Positive
456,開発,2024/5/25,新機能Yの開発において、関係部署の皆様のご協力のおかげで、当初の予定通りに進めることができました。,3,Positive
457,営業,2024/10/9,今四半期、クライアントからの信頼をさらに深めることができ、大変手応えを感じております。,5,Positive
458,総務,2024/9/30,新機能Yのリリース準備に全力を尽くした甲斐があり、関係部署の皆様にも大変ご満足いただけたようで嬉しいです。,5,Positive
459,営業,2024/10/24,製品Aの新規開発において、関係部署との連携が円滑に進まず、顧客折衝に遅延が生じてしまいました。,1,Negative
460,開発,2024/11/5,開発チームの皆さんの協力もあり、プロダクトXの新機能開発が計画通りに進められています。,5,Positive
461,総務,2024/1/15,直近のプロジェクトにおける関係部署との連携は概ね円滑に進んだかと存じます。,3,Neutral
462,営業,2024/10/22,製品Aの担当者として、クライアントとの関係をさらに深められた今四半期は、まさに目標達成への大きな推進力となりました。,5,Positive
463,総務,2024/8/1,製品Aの改修について、関係部署との連携が円滑に進まず、残念ながら期待していたほどの成果には至りませんでした。,2,Negative
464,サポート,2024/11/17,製品Aの度重なる不具合により、サポートの問い合わせ対応件数が想定以上に増加しており、対応に追われております。,1,Negative
465,サポート,2024/9/4,直近のプロジェクトで、担当マネージャーが期待していた成果を半数以上達成できたことは、大変励みになります。,3,Positive
466,開発,2024/6/1,直近のプロジェクトでは、関係部署との連携がスムーズに進み、プロダクトXのリリースに貢献できたと感じております。,3,Neutral
467,人事,2024/8/13,今回のプロジェクトにおける関係部署との連携が非常にスムーズで、目覚ましい成果を上げられたことは、大変喜ばしい限りです。,5,Positive
468,人事,2024/11/6,直近のプロジェクトにおける情報共有の遅延により、関係部署との連携に多大な支障が生じております。,1,Negative
469,開発,2024/6/25,今四半期のプロダクトX開発は、チームの協力もあり計画通りに進捗しました。,4,Positive
470,人事,2024/10/14,新機能Yのリリースに向けて、関係部署の皆さまのご協力のおかげで、今四半期の計画を順調に進められています。,5,Positive
471,営業,2024/5/16,今四半期は、チームリーダーの的確なサポートもあり、クライアントとの関係構築が順調に進み、過去最高の受注件数を達成できました。,5,Positive
472,人事,2024/5/28,今四半期のプロダクトXのリリース、関係部署の皆様の協力のおかげで順調に進んでおり、大変感謝しております。,5,Positive
473,人事,2024/3/22,直近のプロジェクトでは、関係部署との連携もスムーズに進みました。,3,Neutral
474,総務,2024/4/7,現在、システムZの運用状況を注視しております。,3,Neutral
475,開発,2024/9/12,直近のプロジェクトで、担当マネージャーからの情報共有が不十分だったため、タスクの遅延が頻発してしまいました。,1,Negative
476,総務,2024/7/20,システムZの直近のプロジェクトにおけるバグ修正が遅延しており、担当部署との連携に課題を感じています。,1,Negative
477,サポート,2024/10/25,製品Aの新規機能Yに関する問い合わせ対応が、ここ数週間で想定以上に増加しており、対応リソースが不足している状況です。,1,Negative
478,総務,2024/11/1,関係部署の皆様のご協力もあり、今四半期はスムーズに業務を遂行できました。,5,Positive
479,人事,2024/2/25,関係部署の皆様による迅速なご協力のおかげで、新機能Yのリリースが予定通りに進捗していることを大変嬉しく思います。,5,Positive
480,人事,2024/7/6,おかげさまで、新機能Yのリリースが計画通りに進み、関係部署の皆様のご協力に大変感謝しております。,5,Positive
481,人事,2024/10/18,新機能Yのリリースに向けて、関係部署との連携が大変スムーズに進んでおり、感謝しております。,5,Positive
482,サポート,2024/2/7,今回の新機能リリースにおける関係部署の皆様のご協力のおかげで、問い合わせ対応の工数を半分に抑えることができました。,5,Positive
483,人事,2024/5/23,製品Aのリリースに関して、関係部署との連携が十分でなかったため、想定していた効果には達しませんでした。,2,Negative
484,サポート,2024/2/19,期待していたほどの製品Aの改善が見られず、問い合わせ対応に追われる日々が続いております。,1,Negative
485,人事,2024/10/12,新機能Yのリリースに向けた関係部署との連携も、ここ数週間で着実に進捗していると感じております。,3,Positive
486,総務,2024/9/17,社内CRMの利用状況について、関係部署からのフィードバックを収集・分析いたしました。,3,Neutral
487,人事,2024/3/11,直近のプロジェクトにおける関係部署との連携不足により、プロダクトXのリリースが大幅に遅延したことは、大変残念に思います。,1,Negative
488,総務,2024/3/17,製品Aの改善提案について、関係部署と調整を進めております。,3,Neutral
489,サポート,2024/11/9,製品Aに関する問い合わせ対応は、ここ数週間で件数が増加しており、一定の対応に追われている状況です。,3,Neutral
490,総務,2024/6/2,今期も無事に業務を終えることができ、関係部署の皆様のご協力に感謝しております。,3,Positive
491,サポート,2024/9/29,今四半期の新機能Yリリースにおける関係部署の皆さんの迅速な連携とサポートのおかげで、無事円滑な導入ができました。,4,Positive
492,人事,2024/1/9,担当マネージャーからの指示に基づき、今期も無事タスクを遂行できたかと存じます。,3,Neutral
493,総務,2024/8/1,製品Aの改善提案、大変参考になりました。関係部署と連携し、より良いサービス提供に繋げてまいります。,5,Positive
494,サポート,2024/12/18,新機能Yのリリースに向けた準備が順調に進んでおり、関係部署との連携も円滑で安心しました。,4,Positive
495,営業,2024/12/1,顧客折衝のタスクにおいて、プロダクトXの最新情報が関係部署からタイムリーに共有されず、クライアントへの説明に苦慮する場面が多々ありました。,1,Negative
496,サポート,2024/10/25,製品Aの問い合わせ対応件数が先月比で大幅に増加しており、リソース不足を感じる場面が多々ありました。,2,Negative
497,人事,2024/11/13,今四半期のプロジェクトでは、関係部署との連携が円滑に進み、目標達成に大きく貢献できました。,5,Positive
498,人事,2024/1/17,この度、チームリーダーと密に連携し、プロダクトXのリリースを無事完了できたことに大変満足しております。,5,Positive
499,サポート,2024/1/10,直近のプロジェクトでは、担当マネージャーとも密に連携し、問い合わせ対応の効率化に一定の成果が見られました。,3,Neutral
500,人事,2024/12/19,この度、プロダクトXのリリースが成功し、関係部署の皆さんのご尽力に心から感謝いたします。,5,Positive
